{
    "pokemons": [
      {
        "id": 1,
        "name": "Bulbasaur",
        "type": ["Grass", "Poison"]
      },
      {
        "id": 2,
        "name": "Ivysaur",
        "type": ["Grass", "Poison"]
      },
      {
        "id": 3,
        "name": "Venusaur",
        "type": ["Grass", "Poison"]
      },
      {
        "id": 4,
        "name": "Charmander",
        "type": ["Fire"]
      },
      {
        "id": 5,
        "name": "Charmeleon",
        "type": ["Fire"]
      },
      {
        "id": 6,
        "name": "Charizard",
        "type": ["Fire", "Flying"]
      },
      {
        "id": 7,
        "name": "Squirtle",
        "type": ["Water"]
      },
      {
        "id": 8,
        "name": "Wartortle",
        "type": ["Water"]
      },
      {
        "id": 9,
        "name": "Blastoise",
        "type": ["Water"]
      },
      {
        "id": 10,
        "name": "Caterpie",
        "type": ["Bug"]
      },
      {
        "id": 11,
        "name": "Metapod",
        "type": ["Bug"]
      },
      {
        "id": 12,
        "name": "Butterfree",
        "type": ["Bug", "Flying"]
      },
      {
        "id": 13,
        "name": "Weedle",
        "type": ["Bug", "Poison"]
      },
      {
        "id": 14,
        "name": "Kakuna",
        "type": ["Bug", "Poison"]
      },
      {
        "id": 15,
        "name": "Beedrill",
        "type": ["Bug", "Poison"]
      },
      {
        "id": 16,
        "name": "Pidgey",
        "type": ["Normal", "Flying"]
      },
      {
        "id": 17,
        "name": "Pidgeotto",
        "type": ["Normal", "Flying"]
      },
      {
        "id": 18,
        "name": "Pidgeot",
        "type": ["Normal", "Flying"]
      },
      {
        "id": 19,
        "name": "Rattata",
        "type": ["Normal"]
      },
      {
        "id": 20,
        "name": "Raticate",
        "type": ["Normal"]
      }
    ]
  }